A*02:01 total;0,240648269
A*02:01:01G total;0,239311276
A*02:01:01G;0,230501904
A*01:01 total;0,133431295
A*01:01:01G total;0,132827303
A*01:01:01G;0,125941959
C*07:01 total;0,119479929
C*07:01:01G total;0,118702252
A*03:01 total;0,118522315
A*03:01:01G total;0,117918013
A*03:01:01G;0,111891947
C*07:01:01G;0,111298598
C*07:02 total;0,110926043
C*04:01 total;0,110562399
C*07:02:01G total;0,110429053
C*04:01:01G total;0,109833041
C*04:01:01G;0,102679325
B*07:02 total;0,102050961
B*07:02:01G total;0,101694926
C*07:02:01G;0,101422792
B*07:02:01G;0,096366178
A*24:02 total;0,089476488
A*24:02:01G total;0,088743797
C*06:02 total;0,087709931
C*06:02:01G total;0,086176037
B*08:01 total;0,084616939
A*24:02:01G;0,083287996
B*08:01:01G total;0,083259425
C*06:02:01G;0,081377881
B*08:01:01G;0,078846109
B*44:02 total;0,062964649
B*44:02:01G total;0,062732689
A*11:01 total;0,060984031
C*03:04 total;0,060758419
A*11:01:01G total;0,060696818
B*44:02:01G;0,059240264
C*03:04:01G total;0,058960781
A*11:01:01G;0,056036193
C*05:01 total;0,055969864
C*05:01:01G total;0,055702293
C*12:03 total;0,054907296
C*03:04:01G;0,054456302
B*51:01 total;0,054316624
C*12:03:01G total;0,05378298
B*51:01:01G total;0,053709521
B*35:01 total;0,052697558
B*35:01:01G total;0,05235821
C*12:03:01G;0,05129878
C*05:01:01G;0,051298592
B*51:01:01G;0,050032533
B*15:01 total;0,049996613
B*15:01:01G total;0,049782954
B*35:01:01G;0,049265496
B*15:01:01G;0,04674688
C*02:02 total;0,045563308
B*18:01 total;0,045342652
B*18:01:01G total;0,044939033
B*44:03 total;0,042797856
B*18:01:01G;0,042739106
C*02:02:02G total;0,042456364
C*03:03 total;0,042369955
C*03:03:01G total;0,042119138
C*07:CODE;0,041242376
C*03:03:01G;0,039603311
C*02:02:02G;0,039583733
B*40:01 total;0,039570209
B*40:01:01G total;0,038923091
B*40:01:01G;0,036602128
C*01:02 total;0,035119477
C*01:02:01G total;0,034899659
A*26:01 total;0,033521726
A*68:01 total;0,033377125
A*26:01:01G total;0,033281657
C*01:02:01G;0,032425625
A*32:01 total;0,032002305
B*57:01 total;0,031343918
A*26:01:01G;0,031259241
B*57:01:01G total;0,031203774
B*27:05 total;0,029518328
B*13:02 total;0,02898567
B*27:05:02G total;0,028876173
B*57:01:01G;0,028719341
B*13:02:01G total;0,028319817
A*32:01:01G total;0,02795412
B*27:05:02G;0,027386456
B*13:02:01G;0,026919497
A*32:01:01G;0,025881516
C*15:02 total;0,025727861
C*15:02:01G total;0,025563264
B*44:03:01G total;0,025524822
C*08:02 total;0,024825747
A*31:01 total;0,024617507
A*31:01:02G total;0,024510174
C*08:02:01G total;0,024245862
C*15:02:01G;0,02404192
B*35:03 total;0,023439231
B*35:03:01G total;0,02328395
A*68:01:02G total;0,022678075
A*31:01:02G;0,022478628
B*44:03:01G;0,022423794
C*16:01 total;0,022414464
B*38:01 total;0,022180668
B*35:03:01G;0,022068007
C*16:01:01G total;0,021757144
A*29:02 total;0,021661649
A*29:02:01G total;0,021515683
A*25:01 total;0,021243004
A*25:01:01G total;0,021134554
B*38:01:01G total;0,021075524
A*68:01:02G;0,021055359
C*08:02:01G;0,02098022
A*23:01 total;0,020954798
A*23:01:01G total;0,020827775
B*14:02 total;0,02042394
A*25:01:01G;0,020140552
B*38:01:01;0,020138814
A*23:01:01G;0,019309225
A*29:02:01G;0,019102884
B*14:02:01G total;0,018973493
C*07:04 total;0,017084805
C*07:04:01G total;0,01701377
B*52:01 total;0,01659012
C*16:01:01G;0,01629577
C*07:04:01G;0,016053738
A*30:01 total;0,015888323
A*30:01:01G total;0,015776705
B*40:02 total;0,015334597
B*40:02:01G total;0,015262509
C*12:02 total;0,01525849
B*52:01:01G total;0,015211948
B*49:01 total;0,014975893
A*30:01:01G;0,014431886
B*55:01 total;0,014379833
B*52:01:01G;0,01426773
B*40:02:01G;0,014141669
C*14:02 total;0,013847463
C*14:02:01G total;0,013686067
A*33:03 total;0,013600932
A*33:03:01G total;0,013568757
B*37:01 total;0,01333468
B*37:01:01G total;0,013264825
B*14:02:01;0,01299372
C*17:01 total;0,012963423
C*17:01:01G total;0,012661589
C*04:CODE;0,012551021
C*14:02:01G;0,012410207
B*44:03;0,012338537
B*58:01 total;0,012235802
A*33:03:01G;0,012199154
B*37:01:01G;0,012165699
B*58:01:01G total;0,012161046
C*17:01:01G;0,012000566
B*50:01 total;0,011886156
B*39:01 total;0,011580682
C*12:02:01G total;0,011533947
B*49:01:01G total;0,011483592
B*39:01:01G total;0,011478381
B*50:01:01G total;0,011300146
C*03:CODE;0,011099896
B*39:01:01G;0,011087914
B*58:01:01G;0,010995416
C*12:02:01G;0,01047665
B*55:01:01G total;0,010327578
B*35:02 total;0,010272922
C*06:CODE;0,009810231
B*35:02:01G total;0,009780589
B*55:01:01G;0,009348743
A*02:05 total;0,008775458
A*02:05:01G total;0,008696263
A*02:01:01;0,008612472
A*30:02 total;0,008384329
A*68:02 total;0,008341346
B*49:01:01G;0,00830905
A*24:CODE;0,0082424
A*30:02:01G total;0,008237182
A*03:CODE;0,008165876
A*02:CODE;0,008152708
A*02:05:01G;0,0079491
C*12:CODE;0,00790579
B*56:01 total;0,007841904
B*56:01:01G total;0,007804619
C*03:02 total;0,007787378
A*68:02:01G total;0,007695739
A*68:01:01G total;0,007623563
B*35:02:01G;0,007579173
A*33:01 total;0,007493373
B*56:01:01G;0,007421287
C*03:02:01G total;0,007306766
B*50:01:01G;0,007255273
B*40:06 total;0,007191747
A*30:02:01G;0,007147401
B*53:01 total;0,006956685
A*33:01:01G total;0,006907021
A*68:01:01G;0,006829069
C*03:02:01G;0,006746898
B*35:CODE;0,006650838
A*01:CODE d;0,006591547
B*27:02 total;0,006582844
B*53:01:01G total;0,006555548
B*40:06:01G total;0,006369682
B*44:CODE;0,006220543
B*45:01 total;0,006041998
B*40:06:01G;0,006032878
B*45:01:01G total;0,006020346
B*07:05 total;0,005992616
C*16:02 total;0,005922785
B*41:01 total;0,005916929
B*07:05:01G total;0,005895898
B*41:02 total;0,005786712
B*14:01 total;0,00578088
B*27:02:01G total;0,005774118
B*15:CODE;0,00569564
A*02:06 total;0,005686926
A*02:06:01G total;0,00567295
B*35:08 total;0,005668343
B*07:05:01G;0,0056104
B*41:02:01G total;0,005483408
C*16:01:01;0,005457233
B*14:01:01G total;0,005368266
C*15:05 total;0,005365365
B*35:08:01G total;0,00533855
B*07:CODE d;0,005286438
C*15:05:01G total;0,005269795
B*45:01:01G;0,005243011
C*08:01 total;0,005149249
C*08:01:01G total;0,005144041
B*39:06 total;0,0051355
B*14:01:01;0,005112235
A*01:01:01:01;0,005095543
C*16:02:01G total;0,005068049
B*15:17 total;0,005037231
B*14:02:01G;0,005033385
B*27:02:01;0,004998396
C*02:CODE;0,004989798
B*35:08:01;0,00498909
B*44:03:02G total;0,004924509
C*15:05:01G;0,004896173
B*07:02:01;0,004811103
B*39:06:02G total;0,004770965
C*16:02:01G;0,004754543
A*02:06:01G;0,004663358
A*33:01:01;0,004653482
B*15:17:01G total;0,004633737
A*66:01 total;0,004633481
A*02:11 total;0,004633357
A*02:11:01G total;0,004628139
C*05:CODE;0,004611659
A*66:01:01G total;0,004602052
C*03:04:01;0,004495004
A*02:11:01G;0,004386393
C*08:01:01G;0,004363038
A*66:01:01G;0,004247694
B*40:CODE;0,004212437
A*68:02:01G;0,004181605
B*39:06:02;0,004156603
A*29:01 total;0,004126262
C*07:01:01:01;0,004121884
B*44:05 total;0,004089602
A*03:01:01:01;0,004064894
A*11:CODE;0,004045142
C*07:02:01;0,004037798
B*55:01;0,004031721
A*29:01:01G total;0,004028371
B*08:CODE;0,004019065
A*32:01;0,003997936
C*01:CODE d;0,003961304
B*50:01:01;0,003932646
B*44:05:01;0,003832021
A*24:02:01:01;0,003807309
A*29:01:01G;0,003796874
B*41:01:01;0,003747029
C*12:02;0,003717389
C*04:01:01:01;0,003709294
A*03:02 total;0,003683579
B*41:02:01;0,003660796
A*68:CODE;0,003591962
C*16:CODE;0,003563711
B*18:CODE;0,003540194
B*08:01:01;0,00351693
B*49:01;0,003483864
C*07:02:01:03;0,003438648
B*15:03 total;0,003370893
B*15:03:01G total;0,003358547
B*53:01:01;0,00331996
B*53:01:01G;0,003233044
A*03:02:01G total;0,003186361
B*49:01:01;0,003174233
B*35:01:01;0,003078322
A*68:01;0,00304381
B*44:02:01:01;0,002990786
B*15:17:01G;0,002988739
C*08:CODE;0,00292164
C*15:CODE;0,002909654
B*15:03:01G;0,002906663
B*44:03:02G;0,002906539
C*06:02:01:01;0,002881792
A*68:02:01;0,002874364
B*15:18 total;0,002806658
C*02:10 total;0,002750642
B*15:18:01G total;0,002750451
A*11:01:01:01;0,002741317
B*15:02 total;0,002610618
B*27:CODE;0,002582763
B*47:01 total;0,002580654
B*15:02:01G total;0,002560553
B*15:18:01G;0,002530465
B*51:CODE;0,002513094
B*57:01:01;0,002483999
A*02:02 total;0,002388699
A*24:03 total;0,002354537
A*24:03:01G total;0,002325778
B*40:01:02;0,002318419
C*01:02:01;0,002315273
B*15:01:01:01;0,002312154
A*26:CODE;0,002293231
B*48:01 total;0,002286346
B*48:01:01G total;0,00228312
C*02:02:02;0,002274673
A*23:CODE;0,002244471
A*33:01:01G;0,002209874
B*35:02:01;0,002199493
B*51:01:01:01;0,0021851
B*13:01 total;0,002184728
B*15:02:01G;0,002170459
B*41:01;0,002167419
B*46:01 total;0,002150297
B*46:01:01G total;0,002147877
A*24:03:01G;0,002133847
A*29:CODE;0,00209366
C*04:01:01;0,002081399
B*13:01:01G total;0,002080008
C*16:04 total;0,002077634
C*02:10;0,00207481
C*05:01:01:02;0,002060377
C*07:01:01;0,002037787
B*44:03:02;0,002017908
A*74:01 total;0,002004154
A*32:01:01;0,001956451
C*16:04:01G total;0,001940522
B*57:03 total;0,001927394
B*42:01 total;0,001926029
A*11:01:01;0,00191732
C*05:01:01;0,001910025
A*31:CODE;0,001869989
B*13:01:01G;0,001858098
A*32:CODE;0,00185384
B*47:01:01G total;0,001845814
B*48:01:01G;0,001836323
A*30:04 total;0,001829491
C*16:04:01;0,001829327
A*02:07 total;0,001828746
B*41:02:01G;0,001822612
A*02:07:01G total;0,001822348
A*24:07 total;0,001813963
C*04:03 total;0,001811819
A*74:01:01G total;0,001798931
B*42:01:01G total;0,001794013
B*42:01:01;0,001794013
B*57:03:01G total;0,001793268
C*08:02:01;0,001786091
A*01:01:01;0,001758992
A*03:02:01G;0,001755265
A*02:03 total;0,001743899
A*02:03:01G total;0,001740545
B*38:02 total;0,001709021
A*30:04:01G total;0,001688742
C*12:03:01:01;0,001685689
B*47:01:01G;0,001651326
B*46:01:01G;0,001639662
A*34:02 total;0,001616814
B*38:02:01G total;0,001611373
A*74:01:01G;0,001594578
B*44:03:01;0,001591955
B*39:05 total;0,001588853
A*30:CODE;0,001587435
C*04:03:01G total;0,00157669
A*25:CODE;0,001546129
C*04:03:01;0,00154431
A*03:01:01;0,001541968
B*57:CODE;0,00151844
C*07:02:01:01;0,001518206
A*34:02:01;0,001498488
A*69:01 total;0,001487805
B*51:01:01;0,001463599
B*44:03:01:01;0,001458326
B*15:10 total;0,001447717
A*02:07:01G;0,001438052
A*03:02:01;0,001431095
B*39:05:01G total;0,001423957
B*39:05:01;0,00142377
A*69:01;0,001422586
A*02:03:01G;0,001419728
B*57:03:01;0,001418125
B*14:02;0,001413534
B*27:05:02;0,001392876
B*15:17:01;0,001388781
B*51:08 total;0,001379786
C*03:03:01;0,001372246
A*33:03:01;0,001368236
C*18:01 total;0,001358378
C*18:01:01G total;0,001358378
B*58:02 total;0,001356707
A*24:02:01;0,001350596
A*30:01:01;0,001343888
B*13:02:01;0,001332699
B*15:10:01;0,001329783
A*24:07:01;0,001318918
B*13:CODE;0,001311916
C*14:CODE;0,001311566
B*14:CODE;0,001308876
A*26:01:01;0,001307241
B*38:02:01G;0,00130534
A*23:01:01;0,001295253
A*02:02;0,001288917
A*30:04:01G;0,001274134
A*33:CODE;0,0012455
C*06:02;0,001238272
C*06:02:01;0,001235762
A*31:01:02:01;0,001177734
A*29:02:01:01;0,001167361
C*18:01:01G;0,001166422
C*03:04:02G total;0,00115839
C*03:03:01:01;0,001143267
C*03:04:02;0,001141698
C*08:02:01:01;0,001138184
A*29:02:01;0,001109347
A*02:02:01G total;0,001098974
C*15:02:01:01;0,001070412
C*12:02:02;0,001053658
A*02:17 total;0,001025059
A*36:01;0,000964623
A*25:01:01;0,000938224
C*14:02:01;0,000897156
C*04:01:01:06;0,000877891
C*16:02;0,000844382
A*68:03 total;0,000835675
A*31:01:02;0,000818345
A*34:01 total;0,00081642
C*12:03;0,000810183
A*02:01;0,000809898
C*12:03:01;0,000781944
A*34:01:01G total;0,000769586
A*34:01:01;0,000769586
C*08:01:01;0,000761487
A*68:03:01;0,000760828
C*08:03 total;0,000731681
C*08:03:01G total;0,000728104
A*26:08;0,0007112
A*02:05:01;0,000711075
C*15:04 total;0,000702501
A*02:06:01;0,000694553
A*02:17:01G total;0,000694056
A*26:01:01:01;0,000686168
C*02:10:01G total;0,000675832
C*14:03 total;0,000671126
C*14:03:01G total;0,000671126
C*07:04:01;0,000652426
C*14:03;0,0006491
A*02:02:01;0,000638154
A*68:02:01:01;0,00063362
C*03:05 total;0,000631341
C*03:05:01G total;0,000631341
A*68:02;0,000630949
A*02:17:01G;0,000629458
A*66:CODE;0,000629148
C*08:03:01G;0,000628141
C*16:01;0,000627074
A*68:01:02;0,000620949
C*03:05;0,000616281
A*33:01;0,000579643
C*02:02:02:01;0,000560181
C*04:01;0,000557985
A*11:02 total;0,00055604
A*11:02:01G total;0,000553556
C*08:02;0,000549388
C*03:04;0,000542297
A*68:01:02:02;0,000531008
C*07:01;0,000529433
A*68:01:01:02;0,000497032
A*24:07;0,000494672
A*03:02;0,000489517
C*07:18;0,000488456
C*17:CODE;0,000486511
A*11:02:01G;0,000483678
C*03:02;0,000473082
A*01:01;0,000471566
A*68:01:02:01;0,000458584
A*80:01 total;0,000452248
A*80:01:01G total;0,000452248
A*30:02:01:01;0,000442621
A*30:02:01;0,000434919
C*06:02:01:02;0,0004338
A*01:03 total;0,000429701
A*01:03:01G total;0,000429701
C*07:01:02;0,000428403
A*03:01;0,000422496
A*24:02;0,000418707
C*05:01:01:01;0,000415163
A*30:04:01;0,000414608
C*03:02:02:01;0,000414096
C*03:06 total;0,00040826
A*01:02;0,000407402
A*01:03;0,000406098
C*15:04:01G total;0,000402487
A*02:07:01;0,000384234
C*02:10:01G;0,000381842
C*15:02:01;0,000374186
A*74:03;0,000369637
C*04:01:01:05;0,000366844
C*08:04 total;0,000357745
C*07:02;0,000355298
C*08:02:01:02;0,000341305
C*15:05:02;0,000336598
A*66:01:01;0,000334295
A*02:17;0,000330754
A*03:01:01:05;0,000330444
A*24:17;0,000322245
A*02:03:01;0,000320754
C*15:04:01;0,000318338
A*02:16 total;0,000316034
A*02:16:01G total;0,000316034
C*16:02:01;0,000313506
C*17:01:01;0,000313004
A*02:02:01G;0,000311934
A*02:06:01:01;0,000311623
A*02:30 total;0,000311623
C*08:04:01;0,000309866
C*07:04:01:01;0,000307356
A*02:16:01G;0,000307213
C*15:06 total;0,000303089
C*15:04;0,000299763
C*12:04 total;0,000298132
A*68:01:01;0,000297337
C*14:02:01:01;0,000291166
C*12:04:02;0,000289723
C*07:06 total;0,00028533
C*07:06;0,00028533
A*66:02;0,000279697
C*07:26 total;0,000276859
C*15:06:01;0,000276545
C*17:03 total;0,000276545
A*02:01P;0,000271684
C*12:03P;0,000270521
A*02:20 total;0,000267399
C*15:09;0,000265815
A*68:17;0,000256405
C*02:02;0,000254896
A*02:22 total;0,000254479
C*06:02P;0,000254143
A*02:22:01G total;0,000253299
C*06:02:01:03;0,000243977
A*02:11:01;0,000241622
C*17:03;0,000236259
A*02:30;0,000235969
C*04:03;0,000234878
A*02:22:01G;0,000226217
A*29:01:01:01;0,000225348
A*11:01;0,000219633
C*03:06;0,000211158
A*74:01;0,000204291
C*07:01P;0,000200742
C*03:06:01;0,000196976
A*33:05;0,000196713
A*74:01:01;0,000194353
C*05:01;0,000193274
A*02:04 total;0,000186713
A*02:04:01G total;0,000186713
C*04:01P;0,000183548
A*26:01;0,000178266
A*02:04;0,000177707
C*02:10:01:01;0,000177084
A*02:20:01;0,000165408
A*80:01:01G;0,000160998
C*17:01:01:05;0,000158761
A*68:05;0,000155905
A*30:02:01:02;0,000150066
C*03:03;0,00014916
C*17:01:01:02;0,000148846
C*01:02;0,000142257
C*07:26:01;0,00014163
A*02:35 total;0,000140749
A*24:02P;0,000140439
A*02:35:01;0,000137209
C*16:04;0,00013617
C*07:26;0,000135166
A*30:04;0,000133855
A*02:08;0,00013342
A*30:10;0,000133233
C*03:02:02;0,000132719
A*30:02;0,000132612
C*01:02:01:01;0,000130648
C*15:07;0,000128954
A*24:10 total;0,000128948
A*23:17;0,000128699
A*80:01:01;0,000126712
A*02:01:04;0,000126587
A*11:03 total;0,000126215
A*11:03:01G total;0,000126215
A*74:CODE;0,000126153
C*04:04 total;0,000121989
C*18:02;0,000121675
A*29:02:01:02;0,00012137
A*80:01;0,000120252
C*12:05;0,000120232
C*15:02;0,000116843
A*34:02;0,000116463
A*29:10 total;0,000114786
A*24:25;0,000113109
A*32:01:01:01;0,00011255
A*24:02:01:04;0,000110873
A*24:10:01;0,000107705
A*02:02:01:01;0,000106959
A*01:01P;0,000104661
A*69:CODE;0,000101804
A*24:03:01;9,99406E-05
A*29:01;9,59654E-05
A*03:01P;9,50337E-05
A*11:03:01G;9,43504E-05
A*23:01;9,34808E-05
A*34:CODE;9,31703E-05
A*25:01;9,21143E-05
A*23:01:01:01;9,14932E-05
A*26:02 total;9,06236E-05
A*29:10;8,78906E-05
A*30:01;8,75179E-05
A*29:02;8,71452E-05
A*24:02:01:05;8,52818E-05
A*02:20:02;8,37911E-05
A*31:01;8,35427E-05
A*02:13;8,23625E-05
A*02:01:01:01;8,03749E-05
A*02:30:01;7,553E-05
A*68:03;7,42877E-05
A*11:02:01;6,98777E-05
A*26:02:01;6,57782E-05
A*66:03 total;6,47844E-05
A*66:03:01G total;6,47844E-05
A*02:17:02;6,4598E-05
A*69:01:01G total;6,42875E-05
A*66:03;6,41632E-05
A*31:02;6,21135E-05
A*30:02:01:03;6,1865E-05
A*02:27;6,12439E-05
A*02:05;6,08712E-05
A*26:03 total;6,06849E-05
A*24:02:04;6,03122E-05
A*26:03:01;5,61506E-05
A*25:01:01:01;5,56537E-05
A*02:24 total;5,49083E-05
A*24:02:05;5,45357E-05
A*24:03:01:01;5,40387E-05
A*01:06;5,33555E-05
A*03:01:01:03;5,08088E-05
A*68:24;5,06225E-05
A*02:24:01;5,02498E-05
A*11:01P;4,77653E-05
A*34:01;4,68336E-05
A*24:20 total;4,65851E-05
A*24:20:01G total;4,65851E-05
A*24:20;4,61503E-05
