POSITION;CONSENSUS_SEQUENCE;VARIABILITY(H)
1;M;0.206
2;R;1.430
3;V;0.291
4;M;1.105
5;A;0.206
6;P;0.206
7;R;0.291
8;T;0.505
9;L;1.031
10;L;1.457
11;L;0.206
12;L;0.206
13;L;0.206
14;S;1.312
15;G;0.724
16;A;0.459
17;L;0.925
18;A;0.206
19;L;0.206
20;T;0.291
21;E;1.094
22;T;0.206
23;W;0.291
24;A;0.206
25;G;0.859
26;S;-0.000
27;H;-0.000
28;S;-0.000
29;M;-0.000
30;R;0.086
31;Y;-0.000
32;F;-0.000
33;Y;1.917
34;T;-0.000
35;A;0.999
36;V;0.907
37;S;-0.000
38;R;0.086
39;P;-0.000
40;G;0.235
41;R;0.150
42;G;-0.000
43;E;0.086
44;P;-0.000
45;R;0.385
46;F;-0.000
47;I;-0.000
48;A;1.152
49;V;-0.000
50;G;-0.000
51;Y;-0.000
52;V;-0.000
53;D;-0.000
54;D;0.086
55;T;-0.000
56;Q;0.459
57;F;-0.000
58;V;-0.000
59;R;0.206
60;F;-0.000
61;D;-0.000
62;S;-0.000
63;D;-0.000
64;A;-0.000
65;A;0.492
66;S;-0.000
67;P;1.033
68;R;0.206
69;M;2.054
70;E;0.459
71;P;-0.000
72;R;-0.000
73;A;0.086
74;P;-0.000
75;W;-0.000
76;I;0.807
77;E;-0.000
78;Q;-0.000
79;E;-0.000
80;G;0.206
81;P;-0.000
82;E;-0.000
83;Y;-0.000
84;W;-0.000
85;D;-0.000
86;R;1.298
87;E;0.963
88;T;-0.000
89;Q;1.114
90;I;1.570
91;Y;2.206
92;K;-0.000
93;A;1.523
94;Q;1.774
95;A;1.572
96;Q;-0.000
97;T;0.693
98;D;1.259
99;R;-0.000
100;E;1.213
101;S;1.549
102;L;-0.000
103;R;0.855
104;N;1.774
105;L;0.730
106;R;0.771
107;G;0.771
108;Y;-0.000
109;Y;-0.000
110;N;-0.000
111;Q;-0.000
112;S;-0.000
113;E;-0.000
114;A;0.662
115;G;0.086
116;S;-0.000
117;H;-0.000
118;T;0.662
119;L;1.716
120;Q;-0.000
121;R;2.198
122;M;-0.000
123;Y;0.751
124;G;-0.000
125;C;-0.000
126;D;-0.000
127;V;0.947
128;G;-0.000
129;P;0.751
130;D;-0.000
131;G;0.385
132;R;-0.000
133;L;0.895
134;L;-0.000
135;R;-0.000
136;G;-0.000
137;Y;0.918
138;D;2.198
139;Q;-0.000
140;Y;2.347
141;A;-0.000
142;Y;-0.000
143;D;-0.000
144;G;-0.000
145;K;-0.000
146;D;-0.000
147;Y;-0.000
148;I;-0.000
149;A;-0.000
150;L;-0.000
151;N;0.584
152;E;-0.000
153;D;-0.000
154;L;-0.000
155;R;0.938
156;S;-0.000
157;W;-0.000
158;T;-0.000
159;A;-0.000
160;A;-0.000
161;D;-0.000
162;T;1.055
163;A;-0.000
164;A;-0.000
165;Q;-0.000
166;I;0.492
167;T;0.150
168;Q;0.686
169;R;0.639
170;K;-0.000
171;W;0.302
172;E;-0.000
173;A;0.345
174;A;0.150
175;R;0.789
176;V;1.554
177;A;-0.000
178;E;-0.000
179;Q;-0.000
180;L;1.764
181;R;-0.000
182;A;0.299
183;Y;-0.000
184;L;-0.000
185;E;0.086
186;G;-0.000
187;T;1.580
188;C;-0.000
189;V;-0.000
190;E;0.256
191;W;0.459
192;L;-0.000
193;R;-0.000
194;R;0.086
195;Y;0.302
196;L;-0.000
197;E;0.206
198;N;-0.000
199;G;-0.000
200;K;-0.000
201;E;0.555
202;T;0.206
203;L;-0.000
204;Q;0.302
205;R;-0.000
206;A;0.918
207;D;0.931
208;P;1.562
209;P;0.150
210;K;0.235
211;T;0.150
212;H;0.150
213;V;1.055
214;T;0.150
215;H;0.150
216;H;0.150
217;P;0.994
218;V;1.295
219;S;0.150
220;D;0.150
221;H;0.150
222;E;0.150
223;A;0.299
224;T;0.150
225;L;0.150
226;R;0.150
227;C;0.150
228;W;0.150
229;A;0.150
230;L;0.150
231;G;0.912
232;F;0.150
233;Y;0.150
234;P;0.150
235;A;0.235
236;E;0.150
237;I;0.150
238;T;0.150
239;L;0.150
240;T;0.150
241;W;0.150
242;Q;0.150
243;R;0.605
244;D;0.150
245;G;0.150
246;E;0.150
247;D;0.150
248;Q;0.150
249;T;0.150
250;Q;0.150
251;D;0.150
252;T;0.150
253;E;0.150
254;L;0.150
255;V;0.150
256;E;0.150
257;T;0.150
258;R;0.150
259;P;0.150
260;A;0.150
261;G;0.150
262;D;0.150
263;G;1.109
264;T;0.150
265;F;0.150
266;Q;0.150
267;K;0.150
268;W;0.150
269;A;0.299
270;A;0.670
271;V;0.150
272;V;0.235
273;V;0.150
274;P;0.150
275;S;0.150
276;G;0.150
277;E;0.980
278;E;0.150
279;Q;0.150
280;R;0.150
281;Y;0.150
282;T;0.150
283;C;0.150
284;H;0.150
285;V;0.354
286;Q;0.150
287;H;0.150
288;E;0.150
289;G;0.150
290;L;0.150
291;P;0.404
292;K;0.931
293;P;0.150
294;L;0.235
295;T;0.150
296;L;0.150
297;R;0.354
298;W;0.150
299;E;0.661
300;P;0.587
301;S;0.206
302;S;0.206
303;Q;0.206
304;P;1.156
305;T;0.206
306;I;0.945
307;P;0.291
308;I;0.291
309;V;0.494
310;G;0.206
311;I;0.206
312;V;1.162
313;A;0.291
314;G;0.206
315;-;0,086
316;-;0,086
317;-;0,086
318;-;0,086
319;-;0,086
320;-;0,086
321;L;0.206
322;A;1.094
323;V;1.094
324;L;0.945
325;A;1.322
326;V;1.094
327;V;1.122
328;-;0,789
329;V;1.327
330;I;2.012
331;G;0.206
332;A;0.206
333;V;0.291
334;V;0.587
335;A;0.410
336;A;1.578
337;V;0.410
338;M;0.632
339;C;1.173
340;R;0.206
341;R;0.206
342;K;0.410
343;S;0.206
344;S;0.206
345;G;1.094
346;G;1.094
347;K;0.206
348;G;0.206
349;G;0.206
350;S;0.206
351;Y;0.982
352;S;0.587
353;Q;0.206
354;A;0.206
355;A;0.206
356;S;0.882
357;S;0.206
358;D;0.982
359;S;0.206
360;A;0.206
361;Q;0.206
362;G;0.206
363;S;0.206
364;D;0.206
365;V;1.449
366;S;0.206
367;L;0.206
368;T;0.982
369;A;0.410
370;C;0.990
371;K;0.990
372;-;1,539
